"","y","X1","X2","X3","X4","X5","X6","X7","X8","X9","X10","X11","X12","X13","X14","X15","X16","X17","X18","X19","X20","X21","X22","X23","X24","X25","X26","X27","X28","X29","X30","X31","X32","X33","X34","X35","X36","X37","X38","X39","X40","X41","X42","X43","X44","X45","X46","X47","X48","X49","X50","X51","X52","X53","X54","X55","X56","X57","X58","X59","X60","X61","X62","X63","X64","X65","X66","X67","X68","X69","X70","X71","X72","X73","X74","X75","X76","X77","X78","X79","X80","X81","X82","X83","X84","X85","X86","X87","X88","X89","X90","X91","X92","X93","X94","X95","X96","X97","X98","X99","X100","X101","X102","X103","X104"
"1",1,1,0,0,0,1,0,0,1,0,0,0,0,0,1,0,1,1,1,0,1,1,0,1,0,1,0,1,1,0,0,1,0,0,1,1,1,0,1,1,0,0,1,1,0,0,0,1,1,1,1,1,0,0,1,1,0,0,0,1,1,0,1,1,1,0,1,1,0,0,0,1,0,1,0,0,0,1,1,0,0,1,1,0,0,0,1,1,0,1,1,1,0,1,0,1,1,1,1,0,0,1,0,0,1
"2",0,1,1,1,1,1,0,0,0,1,1,0,0,1,1,1,1,0,1,1,0,0,0,0,0,0,0,0,0,1,0,0,1,0,0,0,0,1,1,1,0,0,1,1,0,1,0,1,0,1,0,0,0,1,1,1,0,1,1,0,1,0,0,1,0,1,0,0,0,0,0,1,0,1,0,0,0,1,1,1,0,0,0,1,0,1,1,1,1,1,1,0,0,0,0,0,1,0,0,1,0,0,0,1,1
"3",0,0,0,1,0,0,1,0,1,1,0,1,0,0,0,0,1,1,1,1,0,1,1,0,1,1,1,1,1,1,0,1,1,0,0,1,1,0,0,0,1,1,1,1,1,1,1,0,0,1,1,0,1,1,0,0,0,0,0,0,0,0,1,1,1,0,1,0,0,0,0,1,0,0,0,1,0,1,1,1,0,1,0,1,0,0,1,0,0,0,0,0,1,0,1,1,1,0,1,1,1,1,0,0,0
"4",0,1,1,1,0,0,1,1,0,0,0,0,1,0,1,0,0,0,1,0,1,1,1,1,0,1,1,0,0,1,0,1,1,1,1,0,1,1,1,0,1,0,0,1,0,1,0,1,1,0,1,0,1,1,1,0,1,1,1,0,0,1,1,0,0,0,1,0,1,1,1,1,1,1,0,0,0,1,1,1,0,1,1,0,1,1,0,0,1,0,0,1,0,0,1,1,0,1,0,0,0,0,0,0,1
"5",0,0,0,0,0,1,1,1,1,1,1,1,1,1,0,1,0,0,0,0,1,0,1,1,1,1,1,1,0,0,0,0,1,1,0,1,0,0,1,0,1,1,0,0,1,0,1,0,1,0,1,1,0,0,1,0,0,1,0,1,0,1,1,1,1,0,0,1,0,0,1,0,0,1,0,1,0,0,0,1,1,1,1,1,1,0,1,0,1,0,1,1,0,0,0,1,0,0,0,0,0,0,0,0,1
"6",1,0,1,1,0,1,1,0,1,0,0,1,0,1,1,1,0,1,1,0,1,1,0,1,1,0,1,1,0,1,1,1,1,1,0,1,1,0,0,1,0,0,0,0,0,1,0,1,1,1,0,0,1,0,1,0,1,1,0,1,1,1,1,0,0,1,0,0,0,1,1,1,1,1,0,1,1,0,1,0,1,0,0,0,1,1,1,0,1,0,1,1,0,0,0,1,0,0,0,0,0,0,1,1,1
"7",1,1,0,0,0,0,1,1,0,0,1,0,1,1,0,0,0,0,1,1,0,0,0,0,0,1,1,0,0,0,0,1,0,1,0,0,0,1,0,1,0,0,1,0,1,0,1,0,0,0,0,1,0,0,0,0,1,1,1,1,0,1,0,0,1,0,0,0,1,0,1,0,1,0,0,1,0,1,1,1,1,0,1,0,0,0,0,0,1,0,0,0,0,1,1,0,0,1,0,1,1,1,0,0,0
"8",1,0,1,1,1,1,1,1,0,0,0,1,0,0,0,1,1,1,1,0,0,1,0,1,0,1,0,0,0,1,1,0,0,0,1,1,0,0,1,1,0,1,0,1,0,1,0,0,1,1,1,0,0,0,1,1,0,1,1,0,1,1,0,0,1,0,1,0,0,1,1,0,0,1,1,1,0,1,0,0,1,0,0,0,1,0,1,1,0,1,1,0,0,1,0,1,0,0,0,0,0,1,0,0,0
"9",0,0,0,0,1,1,1,1,0,0,0,0,1,0,1,1,0,0,0,0,1,1,1,1,1,1,0,1,0,0,1,0,0,1,1,0,1,1,0,1,1,0,0,0,1,1,1,1,0,1,0,0,0,0,0,1,0,0,1,0,0,0,1,0,0,1,1,1,1,1,0,1,0,1,1,0,0,0,1,1,0,0,1,0,1,0,0,1,1,0,0,0,0,1,0,1,1,1,1,0,1,1,1,0,0
"10",0,1,0,0,1,1,0,0,1,1,1,0,0,0,1,1,1,0,1,0,1,0,0,0,0,0,1,0,1,0,0,0,1,1,0,1,0,0,1,1,0,1,0,1,1,1,0,1,0,0,0,1,0,0,1,0,0,1,1,1,1,1,0,0,1,1,0,1,1,1,0,0,0,0,1,1,0,0,0,0,0,1,0,1,0,0,0,0,0,1,0,0,0,0,0,0,0,1,1,0,0,0,0,0,0
"11",1,1,0,1,0,0,0,1,0,0,1,1,1,0,0,0,1,1,1,1,1,1,1,1,1,1,0,1,0,1,0,1,0,0,1,1,0,1,0,0,0,1,0,1,1,1,1,0,1,1,1,0,1,0,1,0,1,1,0,1,0,1,1,0,1,0,0,0,1,1,1,0,1,0,1,0,1,1,0,1,0,1,1,0,0,1,0,1,0,0,0,1,1,0,0,0,1,0,0,0,1,1,0,1,1
"12",0,1,1,1,1,0,1,0,0,0,0,1,0,0,1,1,0,1,1,1,1,0,0,1,0,0,1,1,1,1,1,1,0,0,0,1,0,1,1,1,1,1,0,0,0,0,0,1,1,0,0,1,0,1,0,0,1,0,1,1,1,0,1,1,1,0,0,1,1,1,1,0,0,0,0,1,0,0,0,1,0,0,0,0,0,0,0,0,1,0,0,0,0,1,1,0,1,0,1,0,0,0,1,0,1
"13",0,0,0,1,0,0,1,0,0,0,1,0,0,1,0,0,0,1,1,0,1,0,1,0,1,0,0,1,1,0,1,0,1,1,1,1,1,0,0,0,1,0,1,0,1,0,0,0,1,0,1,0,0,1,1,1,1,0,0,0,1,1,1,1,1,1,1,1,0,1,0,1,0,0,0,1,0,1,0,1,0,1,1,0,1,0,0,0,1,0,1,0,0,1,0,1,0,1,0,1,0,0,0,0,1
"14",1,0,1,0,0,1,1,1,0,0,1,1,0,0,0,1,0,1,0,1,1,0,1,1,1,0,0,0,1,0,1,1,1,0,1,1,0,1,1,1,0,0,1,0,1,0,1,0,1,0,1,1,1,1,0,0,0,0,1,1,1,0,1,1,1,1,0,1,1,1,0,1,0,0,0,0,1,0,0,1,0,1,1,1,0,0,0,0,1,0,0,1,1,1,1,1,0,1,1,0,1,1,0,0,1
"15",0,1,1,1,1,1,0,0,0,0,1,1,0,0,0,1,0,0,1,0,1,1,1,0,0,0,1,0,1,0,0,0,1,0,1,1,1,0,0,0,1,0,0,1,0,1,1,1,1,0,1,1,1,1,1,1,0,0,0,0,0,0,1,0,1,0,0,1,1,0,0,0,0,0,0,1,1,0,1,1,1,1,0,0,0,0,0,1,1,1,0,0,0,1,0,0,1,1,0,1,0,1,0,1,1
"16",0,1,1,1,0,1,0,0,0,1,0,0,0,0,1,0,0,1,0,0,0,0,1,1,1,1,0,0,1,0,0,1,0,0,0,1,0,1,0,0,1,1,1,1,0,0,0,0,0,0,0,1,1,1,0,1,1,0,1,0,0,0,1,1,1,0,0,0,1,1,1,0,1,1,1,0,0,1,1,0,1,0,1,0,1,1,1,1,0,0,1,1,0,0,1,0,0,0,0,0,0,1,0,0,0
"17",1,0,1,1,1,0,1,1,0,1,1,0,1,1,1,1,0,1,0,0,1,0,1,0,0,1,1,0,0,0,0,1,1,1,0,0,1,0,0,0,1,0,1,1,1,1,1,0,1,1,1,1,1,0,0,1,0,0,0,0,1,0,1,1,0,0,0,0,0,0,0,0,1,0,1,0,0,0,0,0,0,1,1,0,0,0,0,1,0,1,1,0,0,1,0,0,0,1,1,0,0,0,1,0,0
"18",1,1,0,0,0,1,0,1,0,0,1,1,1,0,1,0,1,0,0,1,1,1,0,1,1,0,1,1,1,1,0,1,1,1,1,0,1,0,0,0,0,0,1,0,0,0,0,0,0,1,0,1,1,1,1,1,1,0,0,0,0,0,0,1,1,0,1,0,1,0,1,0,1,1,1,1,1,1,0,1,1,1,1,1,1,1,1,1,1,0,1,1,0,1,1,1,0,0,1,0,0,1,0,1,0
"19",1,0,1,0,1,1,0,1,0,0,0,0,0,0,0,0,1,1,0,0,0,0,0,0,0,1,1,0,1,0,1,1,0,0,1,1,0,1,1,0,0,1,0,0,1,0,0,1,1,0,0,0,1,1,0,0,0,0,0,0,1,0,1,1,0,0,1,0,0,0,1,0,0,1,1,1,1,1,1,0,0,1,0,1,0,1,1,1,0,0,0,1,1,0,1,0,1,1,1,1,0,0,0,0,0
"20",0,0,0,0,0,0,1,1,0,0,1,0,0,1,0,0,1,0,0,1,1,0,0,0,1,0,1,1,0,1,0,0,1,1,1,1,1,1,1,1,0,0,1,1,0,0,0,0,0,1,1,1,1,1,0,0,0,1,1,1,0,1,1,0,0,0,1,0,0,0,1,0,1,0,1,0,0,0,1,1,0,0,1,0,0,0,1,1,0,1,1,0,1,1,1,1,1,1,0,0,1,0,1,0,1
"21",0,0,0,0,0,1,1,0,0,0,0,1,0,1,1,1,1,1,0,0,1,1,1,1,0,1,1,0,0,0,0,1,0,1,1,1,0,1,1,1,1,0,1,1,0,1,0,1,0,0,0,0,1,0,1,0,1,0,1,1,1,1,1,1,0,1,1,0,0,0,1,1,1,1,0,0,0,0,0,0,0,1,1,1,1,0,0,0,1,1,0,0,1,0,0,1,1,0,1,1,0,0,1,1,0
"22",0,1,1,1,0,0,1,0,1,0,0,1,1,0,1,0,0,1,0,1,1,0,1,1,1,0,0,1,0,1,1,1,0,1,1,0,0,1,0,1,0,1,0,0,1,0,1,1,0,1,0,0,0,0,1,1,0,0,0,0,0,1,1,0,1,1,1,0,0,0,0,1,0,1,1,0,1,0,0,1,0,1,0,0,1,0,0,0,1,0,1,1,0,1,0,1,0,1,1,0,0,0,0,1,0
"23",1,1,0,0,0,0,0,1,1,1,0,0,0,0,0,0,0,1,1,0,1,1,1,0,1,0,0,1,1,0,0,1,0,0,1,1,0,1,1,0,0,1,1,1,1,1,1,0,1,0,1,0,0,1,1,0,1,0,1,0,1,0,1,1,0,1,0,0,0,0,1,1,0,0,1,0,0,1,1,0,0,0,1,0,1,0,1,1,1,0,1,1,1,0,0,0,0,0,1,1,1,0,0,0,0
"24",0,0,0,0,1,0,1,0,0,0,1,1,1,1,0,1,0,0,0,1,1,1,0,0,0,1,1,0,1,0,1,1,1,1,1,1,0,0,1,0,0,1,0,0,1,0,1,0,1,1,0,1,0,1,1,1,1,0,0,0,1,1,0,0,1,0,1,1,1,0,1,0,1,0,0,1,0,0,1,1,1,0,1,0,1,0,0,1,0,1,1,1,1,0,1,1,0,0,1,0,0,0,0,0,1
"25",1,0,1,0,1,0,0,1,0,1,1,1,0,0,1,1,0,0,1,0,1,1,0,1,1,1,0,1,0,1,1,1,1,1,0,1,1,0,0,1,1,1,1,0,1,0,1,0,1,0,1,1,0,1,1,0,1,0,0,0,1,1,1,0,0,1,0,0,1,1,0,0,0,1,1,1,0,0,1,1,1,0,0,0,0,1,1,1,0,0,0,1,0,1,0,0,0,1,0,1,1,1,0,0,1
"26",1,0,1,1,0,0,0,1,0,0,1,1,1,0,1,1,1,0,1,1,1,1,0,1,1,1,1,1,0,1,0,0,1,1,0,1,1,0,0,0,0,1,1,1,0,1,1,0,1,1,0,1,0,0,1,0,0,1,1,0,0,1,1,1,1,0,0,0,1,0,1,1,0,1,0,1,0,0,0,0,0,0,0,1,0,0,1,0,0,1,0,1,1,0,0,1,0,1,1,1,0,0,0,0,1
"27",0,1,1,0,1,0,1,1,0,0,1,0,1,1,1,1,1,1,1,0,1,0,0,1,0,0,1,0,1,0,1,0,0,0,0,1,0,1,1,0,1,1,0,1,0,1,0,1,0,1,0,0,1,1,0,0,0,0,1,1,1,1,0,1,1,1,0,1,0,1,0,0,1,0,1,1,0,0,0,0,1,0,1,0,1,1,0,0,1,1,1,1,1,1,0,1,1,1,1,1,1,1,0,0,1
"28",0,1,1,1,1,1,0,0,0,0,1,1,1,0,0,1,0,0,1,0,0,1,0,1,1,0,1,1,1,1,1,0,0,1,1,1,1,0,1,0,1,1,1,0,1,1,0,1,1,0,1,1,0,1,1,0,0,1,1,1,0,0,1,1,1,0,1,1,0,1,0,0,0,1,0,0,0,1,0,1,0,0,1,1,0,0,0,1,1,1,0,0,0,0,0,0,1,0,1,0,0,1,0,1,1
"29",1,1,0,1,0,1,0,0,1,0,0,1,0,0,1,1,1,1,1,0,0,0,1,0,1,1,0,0,1,0,1,1,0,1,1,0,0,0,1,0,0,0,0,0,0,0,0,1,1,1,1,1,1,1,0,1,0,1,0,0,0,0,0,0,0,0,1,0,1,0,1,1,1,1,0,0,0,0,1,1,1,1,1,1,1,1,0,0,1,1,1,0,1,1,0,1,0,1,1,0,0,1,1,0,1
"30",0,0,0,0,0,1,1,1,1,0,1,0,1,1,1,1,0,1,0,1,0,1,1,1,1,1,1,1,0,1,1,1,1,0,1,0,0,1,1,1,1,1,0,1,1,1,1,0,0,1,1,1,0,0,0,0,1,0,1,1,1,0,0,1,1,1,1,0,1,1,0,1,1,1,0,1,1,0,0,0,1,0,0,1,1,0,0,0,1,0,1,1,1,1,0,1,1,0,1,0,0,0,1,0,0
"31",1,1,0,0,0,1,0,0,0,1,1,0,0,1,1,1,1,1,0,0,0,1,0,1,1,1,1,1,0,1,1,1,1,0,0,0,0,1,1,0,0,1,1,0,0,1,1,1,1,1,0,1,0,0,0,0,1,1,0,1,0,1,0,1,0,0,0,0,1,1,1,1,1,0,1,1,0,1,1,0,0,0,0,0,0,1,1,0,1,0,1,1,1,0,1,1,1,1,0,0,0,1,0,1,1
"32",0,0,0,0,1,0,0,0,0,1,0,1,1,1,0,1,0,1,1,1,0,0,1,0,1,1,0,1,0,1,0,1,0,0,1,1,1,0,0,1,1,0,1,1,1,1,1,1,0,0,1,1,1,0,0,0,0,1,1,0,1,0,0,0,0,0,0,1,1,0,1,0,1,1,1,1,1,0,0,0,0,1,1,1,1,0,0,0,0,1,0,1,1,0,0,1,0,1,0,0,1,1,0,1,0
"33",1,1,0,0,0,0,0,0,0,1,1,0,1,1,1,0,0,0,1,0,0,0,0,1,0,1,1,1,1,0,1,1,1,1,1,0,0,0,1,1,0,0,0,1,0,1,1,0,1,0,0,0,1,0,0,0,0,0,0,0,1,1,1,0,0,1,1,1,1,1,0,0,0,0,1,0,1,1,1,0,0,0,1,0,0,1,0,0,1,1,1,0,0,0,0,1,0,1,0,0,0,0,1,1,1
"34",0,0,0,1,0,1,1,1,0,1,0,1,1,0,1,1,0,0,1,0,1,1,0,1,0,0,0,1,1,0,0,1,1,0,1,0,1,0,1,0,1,0,0,1,1,1,0,0,1,1,0,1,0,0,1,1,1,1,1,1,1,1,0,0,1,1,0,0,0,1,1,1,0,0,0,1,1,1,0,1,0,1,0,1,0,0,0,0,1,0,0,1,0,0,1,1,1,0,0,1,1,1,0,1,0
"35",0,0,0,0,1,0,1,1,0,1,0,0,1,1,1,1,1,0,1,1,1,0,1,0,1,1,0,0,0,0,0,1,1,1,1,0,1,0,1,0,1,0,1,0,1,1,0,1,1,1,0,0,1,0,1,0,1,0,1,1,1,0,0,0,1,0,0,0,1,0,0,0,0,0,1,1,1,1,1,0,0,1,1,0,1,1,0,1,0,0,0,0,1,0,1,0,0,1,0,1,1,0,1,0,0
"36",0,0,0,1,0,0,1,0,1,1,1,1,1,1,0,1,0,0,1,1,0,0,1,0,0,1,0,0,0,1,1,1,1,0,0,1,1,1,0,0,0,0,0,0,0,1,1,1,0,1,0,0,1,1,0,1,0,1,0,1,0,0,1,1,1,0,0,0,1,1,0,1,1,1,1,1,1,1,0,0,1,1,1,0,1,1,0,1,0,0,1,0,1,0,0,1,1,0,0,0,0,0,1,0,1
"37",1,0,1,0,1,1,0,0,1,0,1,0,1,0,0,1,0,1,1,0,0,1,1,0,1,1,0,1,1,1,1,0,1,0,0,0,1,0,0,0,0,0,0,0,0,1,0,1,1,1,1,1,1,0,0,1,1,0,0,0,0,1,0,0,1,0,1,0,0,0,0,1,1,0,0,1,1,0,0,0,0,0,0,0,1,0,1,1,1,0,1,0,0,0,0,1,1,0,1,1,0,1,1,1,0
"38",0,0,0,0,1,0,1,1,1,1,1,0,0,0,1,0,1,0,1,1,0,1,0,0,1,1,1,0,1,0,1,1,0,0,0,0,0,1,0,1,1,0,0,1,1,1,0,1,0,0,0,0,0,1,1,0,1,0,0,1,1,1,0,1,0,0,0,0,0,0,0,1,0,0,0,0,0,1,1,0,0,0,1,1,1,0,0,0,1,0,0,1,0,1,1,0,1,0,0,0,0,0,0,0,1
"39",0,0,0,0,0,0,0,0,0,0,1,1,0,0,1,0,1,1,0,0,1,1,1,0,0,0,0,0,0,0,0,1,0,0,1,0,0,1,1,0,1,1,1,0,1,0,0,0,0,0,1,0,1,0,0,1,1,1,0,1,1,0,1,1,1,1,1,0,0,1,1,0,1,0,1,0,1,1,0,1,1,0,1,0,0,0,0,0,0,1,1,0,0,0,1,1,1,0,0,1,0,1,0,1,0
"40",1,1,0,0,0,0,1,1,0,0,0,1,0,0,0,1,0,0,0,1,1,0,1,1,0,1,0,1,0,0,0,1,0,0,1,1,0,0,1,1,1,0,0,0,1,1,0,0,1,1,0,1,1,1,1,0,1,0,0,1,0,1,1,0,0,1,1,1,0,1,0,1,1,1,1,0,1,1,1,0,1,1,0,1,1,1,0,0,0,1,1,0,1,1,1,0,0,0,1,0,0,0,0,1,0
"41",0,1,1,1,1,0,1,0,1,1,1,1,1,1,0,1,0,1,0,1,0,0,0,0,0,0,1,1,1,0,1,1,0,0,0,1,0,0,1,0,0,0,0,1,0,1,0,0,1,1,1,0,0,0,0,0,1,1,1,0,1,1,1,0,0,0,0,1,0,1,1,0,1,1,1,0,1,1,0,0,0,0,1,0,1,0,1,0,1,1,1,1,0,0,0,0,1,0,0,1,0,0,1,1,1
"42",0,0,0,1,1,0,1,1,0,1,1,0,1,1,1,1,1,0,0,1,1,1,0,0,1,0,0,0,1,0,1,0,1,1,1,0,1,1,1,1,0,0,1,1,0,1,1,1,0,1,0,0,0,0,1,0,1,0,0,0,0,1,1,0,0,0,1,1,0,1,1,0,0,1,0,0,0,1,0,1,0,1,1,1,1,1,0,1,1,0,1,1,0,1,1,0,0,1,0,0,1,1,1,0,1
"43",0,1,1,1,0,1,1,1,0,1,0,0,1,0,1,0,1,1,1,1,0,0,0,1,0,1,0,1,0,1,1,0,1,1,0,0,1,0,0,1,1,0,0,1,0,0,0,1,0,1,0,1,1,0,1,1,1,1,1,0,1,1,1,0,1,1,1,0,0,1,1,1,1,0,1,1,0,0,0,0,1,1,1,0,0,1,1,0,0,1,1,0,0,0,1,1,0,1,0,0,1,0,1,1,0
"44",0,1,1,1,1,0,1,0,1,1,0,0,0,1,0,1,1,0,0,0,0,0,1,0,0,0,0,0,0,1,0,0,1,0,0,1,0,1,1,1,1,0,0,1,1,1,1,1,0,1,1,0,1,1,0,1,0,0,0,0,1,0,0,0,0,0,1,1,0,1,1,1,0,1,1,1,1,1,1,0,1,0,0,0,1,0,1,1,0,0,0,0,0,0,1,1,1,1,0,1,0,1,0,0,0
"45",1,1,0,0,1,0,0,1,0,0,0,1,1,1,1,1,1,0,1,1,0,1,1,0,0,1,1,1,0,0,1,1,0,0,0,0,0,1,0,1,0,0,0,0,0,1,1,1,1,0,0,1,1,0,0,0,1,0,0,1,1,1,0,0,1,1,1,1,0,1,1,0,1,1,1,0,0,0,0,0,1,1,0,1,1,1,1,0,0,0,1,0,1,0,0,1,1,0,1,0,1,0,0,1,1
"46",1,0,1,1,1,1,1,1,1,1,1,1,1,0,1,0,0,0,1,0,1,1,0,0,0,1,0,0,0,1,0,0,1,1,1,0,0,0,1,1,1,1,0,1,0,1,0,0,1,1,1,1,0,0,1,1,1,1,1,0,1,1,1,0,0,1,0,0,0,1,0,1,0,1,0,1,1,1,0,0,1,1,1,0,0,1,0,0,1,0,0,0,0,1,0,0,0,1,1,1,0,0,1,1,1
"47",0,1,1,0,0,1,1,1,1,1,0,1,1,0,1,0,0,0,0,1,1,0,1,1,0,1,0,0,1,0,1,1,0,0,1,0,0,0,1,1,1,1,1,0,0,1,1,1,0,0,1,1,1,1,1,0,0,1,1,1,0,0,0,1,0,0,1,1,1,1,1,0,0,1,1,1,0,0,1,1,0,1,1,1,1,0,1,1,1,1,1,0,0,1,1,1,0,1,0,0,1,1,1,1,0
"48",1,1,0,1,0,0,0,0,1,0,0,0,1,1,0,0,1,0,0,0,0,1,0,1,1,0,0,1,0,0,0,1,0,1,0,0,1,0,0,0,0,0,1,0,0,0,1,0,1,1,0,0,1,1,1,0,1,0,0,0,1,1,1,0,0,0,1,1,0,1,0,1,1,1,0,0,0,1,1,0,0,1,0,0,0,0,1,0,0,0,1,1,1,1,1,0,1,0,1,1,1,1,0,1,0
"49",1,0,1,1,0,0,0,0,1,1,1,1,1,0,0,0,0,0,1,1,1,1,0,1,1,0,1,0,0,1,1,0,0,0,0,0,1,1,0,0,0,0,1,1,0,1,0,0,0,0,0,0,1,1,1,1,0,1,0,1,0,0,1,0,1,1,1,1,1,1,0,1,0,0,1,1,1,0,0,0,1,1,1,1,0,1,0,1,0,0,1,1,0,1,1,1,0,1,1,0,1,1,0,0,1
"50",0,0,0,1,0,1,0,1,0,1,0,0,1,1,1,1,1,0,0,1,1,1,1,1,0,1,1,0,0,1,1,1,0,0,1,1,1,0,0,1,0,1,0,0,0,0,1,1,0,1,1,0,1,0,1,0,1,0,0,0,1,0,0,1,0,0,1,1,0,0,0,1,0,1,0,0,1,0,1,1,0,1,0,1,0,1,0,0,1,0,1,0,0,1,0,0,0,0,1,1,0,0,0,0,1
"51",0,0,1,1,1,0,0,1,1,1,1,0,1,0,1,0,1,1,1,1,0,1,0,1,0,1,0,0,0,0,1,1,0,1,1,1,0,1,0,0,0,0,0,1,1,1,0,1,0,0,0,0,1,0,1,0,0,1,1,0,1,0,0,1,0,0,1,0,0,1,0,1,0,1,1,1,0,1,0,0,0,0,0,0,0,1,0,1,0,0,1,0,1,1,1,0,1,1,0,0,1,1,0,0,1
"52",0,0,0,0,0,0,1,0,0,1,0,0,1,1,1,0,0,1,0,0,1,1,0,1,1,1,0,0,1,0,0,0,1,1,0,0,1,1,0,0,0,0,1,1,0,1,1,0,0,0,0,0,0,1,1,1,0,1,1,0,0,0,0,1,1,1,1,1,0,0,0,0,0,1,1,0,0,1,1,0,1,1,1,0,0,0,1,0,0,0,1,0,1,0,0,0,0,0,1,0,1,0,0,1,1
"53",0,0,0,0,0,0,0,0,0,1,1,0,0,0,0,0,0,0,1,0,1,1,1,0,0,0,1,1,1,1,0,0,0,0,1,0,0,0,0,1,0,1,0,0,0,1,0,1,1,0,1,1,0,1,0,0,0,1,1,0,1,0,1,1,1,1,1,1,1,1,1,1,0,0,0,1,0,1,1,1,0,1,1,0,0,0,1,1,1,0,0,0,1,1,1,1,1,1,0,1,0,1,0,0,1
"54",0,0,0,1,0,0,0,0,1,0,0,0,0,0,0,0,1,1,1,1,0,1,0,1,0,1,1,1,0,1,1,1,1,0,1,0,0,1,0,0,1,0,0,1,0,1,1,1,1,1,1,0,1,0,1,0,0,0,0,1,0,0,0,0,1,1,0,0,1,1,0,1,0,1,1,0,1,1,0,0,0,0,0,1,0,1,0,1,1,1,0,0,1,1,1,1,1,1,1,0,0,0,0,0,0
"55",1,1,0,0,1,1,0,0,0,0,0,0,1,1,0,0,0,1,1,0,1,1,1,0,0,0,0,0,1,0,0,1,0,0,0,0,1,1,1,1,1,1,1,0,0,0,1,0,1,1,1,0,0,0,1,0,1,0,0,1,1,1,0,1,0,0,1,0,1,0,0,0,0,0,1,1,1,0,1,1,0,0,1,0,0,0,0,0,0,0,1,1,1,1,0,1,1,1,1,1,0,0,1,1,0
"56",0,0,0,0,1,1,1,1,1,1,0,1,0,1,1,0,1,1,1,0,1,1,0,1,0,1,1,0,0,1,1,0,0,0,1,0,0,0,0,1,1,1,0,0,1,1,1,0,1,1,1,1,0,1,0,0,0,0,0,0,0,0,0,1,0,1,0,1,0,0,1,0,1,0,1,1,1,0,0,1,1,1,1,0,1,1,1,1,0,0,1,0,0,1,1,0,1,0,1,1,0,1,0,0,1
"57",0,1,1,0,1,1,0,0,0,1,1,1,0,1,0,1,0,1,0,0,0,1,1,0,0,0,1,1,0,0,1,0,1,1,0,0,1,1,0,1,1,0,0,1,0,0,1,0,0,0,0,0,1,0,0,1,1,1,0,1,1,0,0,1,0,1,1,1,1,1,0,1,1,1,1,0,1,0,1,1,1,1,1,0,1,1,1,0,1,1,1,0,0,0,1,1,0,0,1,0,1,0,0,1,1
"58",0,1,1,0,1,1,1,0,0,1,0,1,1,0,1,1,1,0,1,1,1,0,1,0,1,0,0,0,0,1,1,0,1,0,0,1,0,0,1,1,0,1,1,0,0,1,1,0,1,0,0,0,0,1,0,1,1,1,1,0,1,1,1,0,1,1,1,0,0,1,0,0,0,0,1,1,0,0,1,1,0,0,1,1,1,1,0,1,1,0,0,0,1,0,1,0,0,1,0,0,1,0,1,0,1
"59",0,0,0,0,0,1,0,0,1,1,0,0,0,0,1,1,1,1,0,0,1,0,0,1,1,1,1,1,1,0,1,0,0,1,0,0,1,1,1,0,0,0,1,1,1,0,1,1,1,1,1,0,1,1,1,1,0,0,1,1,1,1,0,0,1,0,0,0,0,1,0,1,0,0,0,1,1,1,0,0,0,1,1,0,1,0,0,0,0,0,0,0,1,1,0,1,0,1,0,1,0,0,0,0,1
"60",1,0,1,0,0,1,1,0,1,1,1,0,0,1,1,0,1,0,1,0,1,1,1,0,0,0,1,1,0,1,0,1,1,1,0,0,1,1,0,1,0,1,0,0,0,0,1,1,0,0,1,1,1,0,0,1,0,0,1,0,1,1,0,0,1,1,1,1,0,0,0,1,1,1,1,0,0,1,1,0,1,0,1,0,0,0,1,1,1,1,1,0,0,0,1,0,0,0,1,1,0,0,1,1,0
"61",0,0,0,1,0,0,1,0,1,0,0,1,0,0,0,0,1,0,0,0,0,1,1,0,0,1,0,0,1,1,1,0,0,1,1,0,0,1,0,1,1,0,1,0,0,0,0,0,1,0,0,0,0,0,0,1,0,0,1,0,1,0,0,0,0,1,1,0,0,0,1,0,1,1,0,0,0,0,1,1,1,1,1,0,0,0,1,0,1,0,1,1,1,0,1,0,1,0,0,0,0,1,1,0,1
"62",1,0,1,0,1,1,0,0,1,0,0,1,1,0,0,1,1,1,1,0,1,1,1,0,1,0,0,1,1,1,1,0,0,0,1,1,1,0,1,1,0,1,0,0,0,1,1,0,1,1,1,1,0,0,1,0,1,1,0,1,0,0,0,0,0,0,0,0,1,0,1,1,1,0,1,1,1,1,1,1,0,0,1,0,0,0,1,1,1,0,1,0,1,1,1,0,1,1,1,1,1,0,0,1,0
"63",1,1,0,1,1,1,0,0,1,0,0,0,0,1,1,1,1,0,0,0,0,0,1,1,1,1,0,1,0,0,1,1,0,1,1,0,1,0,1,1,1,0,1,1,0,0,0,1,0,1,1,0,1,1,0,1,1,0,0,0,1,1,0,1,0,0,1,0,1,0,0,1,0,0,0,0,0,0,1,0,0,0,0,1,0,0,0,1,0,0,0,0,0,0,1,1,0,1,0,1,1,0,1,0,0
"64",0,0,0,1,0,0,1,1,0,0,1,1,1,0,1,0,0,0,1,1,0,0,0,1,0,0,1,0,1,1,1,0,0,1,1,1,1,1,0,0,0,1,1,0,1,1,1,1,1,1,0,1,1,1,0,1,0,1,1,0,0,1,1,0,0,0,1,1,1,1,1,0,0,0,1,0,0,1,1,0,0,0,0,1,1,1,0,0,1,1,1,1,0,0,1,1,0,1,1,1,0,1,1,0,0
"65",0,1,1,1,0,0,1,0,1,1,0,0,1,0,0,0,1,1,0,0,0,0,1,1,0,1,0,1,0,1,1,1,1,1,1,0,0,0,0,0,1,1,1,1,0,0,0,1,0,0,1,1,1,1,0,0,1,0,1,1,0,0,1,0,1,1,1,1,0,1,1,1,0,0,1,1,0,1,1,0,1,0,1,1,0,1,0,0,0,0,1,0,0,0,1,1,1,0,1,0,0,0,1,0,1
"66",0,1,1,1,1,0,1,0,0,1,1,0,1,0,0,0,1,0,1,0,0,0,0,1,0,0,0,0,0,1,0,0,1,1,1,0,1,1,0,1,0,1,1,0,1,0,0,1,0,1,0,0,1,1,0,1,1,1,0,0,0,1,1,0,0,1,1,0,0,0,0,0,0,1,1,1,1,0,0,0,1,0,1,0,0,1,1,0,1,0,0,1,0,0,1,0,1,0,1,1,1,1,1,0,1
"67",0,0,0,1,0,0,0,1,1,0,1,0,1,0,1,0,0,1,0,0,0,0,0,1,0,0,1,1,1,1,0,0,1,0,1,0,1,1,0,1,1,0,1,1,0,1,0,1,1,0,1,1,0,0,1,0,0,0,1,0,1,1,1,0,1,1,1,1,1,1,0,1,1,0,0,1,0,0,0,0,0,1,0,1,1,1,0,0,0,0,1,0,1,1,1,1,1,1,1,0,0,0,1,1,1
"68",0,0,0,0,0,0,1,1,0,1,0,1,1,1,1,0,0,0,1,0,0,1,1,0,1,1,1,0,1,1,0,0,1,0,1,1,1,0,0,0,1,0,0,0,1,1,0,0,0,1,0,1,1,1,1,0,1,1,1,1,0,1,1,1,1,1,1,0,0,0,0,1,0,0,0,0,1,1,1,1,1,0,1,0,0,0,0,0,0,0,1,1,0,0,1,0,1,1,0,0,0,1,1,0,0
"69",1,1,0,1,0,0,0,1,1,0,1,0,0,0,0,0,0,0,1,0,1,1,0,1,1,0,0,0,0,1,1,0,1,1,0,1,1,1,1,0,1,1,0,1,1,1,1,1,1,1,1,1,0,0,1,0,0,0,0,1,0,1,1,0,1,1,1,1,0,1,0,0,1,1,0,1,1,1,1,1,0,0,0,1,0,1,1,0,1,0,1,1,1,0,0,1,0,0,1,1,0,0,1,0,0
"70",0,1,0,0,1,1,1,0,0,1,0,0,0,1,0,1,1,0,1,0,1,0,1,0,0,0,1,1,1,1,1,1,1,0,0,1,1,1,1,1,0,1,1,1,1,0,0,0,1,0,0,0,1,0,0,0,0,1,0,1,0,0,0,0,0,1,0,1,1,0,0,1,0,1,0,0,0,0,0,1,1,1,0,0,1,0,1,0,0,0,1,1,1,0,0,1,1,0,0,1,0,0,1,1,0
"71",0,0,0,0,1,1,1,1,0,1,1,1,1,1,0,0,0,0,1,1,1,1,1,1,0,1,1,1,1,0,1,0,0,1,1,0,1,1,1,1,0,1,1,1,1,0,0,0,1,0,1,1,1,0,1,0,1,0,1,1,0,0,1,0,1,0,0,1,0,0,0,0,0,1,1,1,0,1,0,1,0,0,1,0,0,0,0,0,0,1,1,1,1,1,0,0,1,0,0,1,0,1,0,1,1
"72",1,0,1,0,1,0,1,0,1,1,0,1,0,1,1,1,1,1,0,1,0,0,1,0,0,1,0,0,1,0,0,0,1,0,0,0,1,1,1,0,1,1,0,1,0,1,0,1,0,1,0,1,1,1,0,1,0,0,1,1,1,0,1,1,1,0,1,1,0,1,0,0,1,0,1,0,0,0,0,0,1,1,1,0,1,0,0,1,1,0,0,0,1,1,0,1,1,1,1,1,1,0,1,1,1
"73",0,0,0,0,0,0,0,0,0,0,1,1,0,1,1,1,0,0,0,0,0,1,1,0,0,1,0,0,1,0,0,1,0,1,0,1,1,0,1,1,0,1,0,1,1,1,0,1,0,0,0,1,0,0,1,0,1,1,1,1,0,1,1,1,0,1,1,1,1,0,0,1,1,0,1,0,0,1,1,1,0,0,1,1,0,0,1,1,1,1,0,1,1,0,1,0,0,0,1,1,1,0,0,1,1
"74",0,0,1,0,0,0,1,1,1,1,0,1,0,1,1,1,1,0,0,0,0,1,1,0,0,1,0,1,0,0,0,1,1,0,0,1,0,0,1,0,1,0,0,0,1,1,0,0,0,0,1,0,0,1,1,1,1,1,0,1,1,1,1,1,0,0,1,0,0,1,1,1,0,0,0,0,0,0,1,1,0,1,1,1,0,0,1,0,0,1,1,0,1,0,1,1,0,1,1,1,1,0,0,1,0
"75",1,1,0,1,1,0,1,1,0,1,1,0,0,0,1,0,1,1,0,1,0,1,0,1,1,1,1,1,0,0,0,0,1,1,1,0,0,0,1,0,0,1,0,0,1,1,1,1,1,1,0,0,0,0,1,1,0,0,1,1,0,0,1,0,0,0,1,1,1,0,1,1,1,0,1,1,1,0,0,1,1,0,0,0,1,0,1,1,0,0,1,1,1,0,0,0,0,1,1,1,0,0,0,1,0
"76",0,1,1,0,0,1,1,1,1,0,0,0,1,0,0,0,1,0,0,0,1,1,0,1,1,0,0,0,1,1,1,0,1,1,1,0,0,1,0,1,0,1,1,0,1,1,1,1,1,0,0,0,1,0,0,0,1,0,1,1,0,1,0,0,0,0,0,0,1,1,1,1,0,0,0,1,1,1,1,1,1,1,1,0,0,0,1,1,0,0,0,0,1,1,0,1,0,1,0,1,0,0,0,0,1
"77",0,0,0,1,0,1,0,0,0,0,0,1,0,1,0,1,1,1,1,0,1,0,0,1,1,1,1,0,1,1,0,0,1,1,1,0,0,1,0,0,0,0,0,0,0,1,0,1,1,0,0,1,0,1,1,0,1,0,1,1,1,0,0,0,0,1,0,0,1,0,1,1,0,0,0,0,0,0,0,0,0,0,1,1,1,0,1,0,0,1,0,0,1,1,1,0,1,1,1,0,1,1,1,1,1
"78",1,1,0,0,1,0,1,1,0,0,1,0,0,1,1,1,0,1,0,0,0,0,0,1,1,1,1,0,1,1,1,0,1,1,1,0,1,1,1,0,1,0,0,1,0,0,0,1,1,1,1,0,0,0,1,0,0,0,1,1,0,0,0,0,1,0,0,0,1,1,0,1,0,0,1,0,0,0,1,0,0,0,0,0,0,0,0,1,0,1,0,0,0,0,1,1,0,1,1,0,0,1,1,1,0
"79",1,0,1,0,0,0,0,0,0,0,0,0,1,0,0,1,0,0,1,0,1,1,1,1,1,1,0,0,0,1,1,1,0,0,0,1,0,0,0,0,1,0,0,1,1,1,0,0,0,0,0,0,1,0,1,0,0,1,1,0,0,0,1,0,1,0,1,0,1,0,0,1,0,1,0,1,0,1,0,1,0,1,0,0,1,1,0,1,1,1,1,1,1,0,1,1,0,0,1,1,0,1,0,0,0
"80",1,1,0,0,0,0,0,1,1,1,1,1,1,0,1,1,1,1,1,0,1,0,0,0,0,1,0,0,0,0,0,1,1,1,0,1,1,1,1,0,0,0,1,0,0,1,1,1,1,1,1,0,0,1,1,1,0,0,1,1,0,1,0,0,1,1,0,1,0,0,1,1,0,0,1,1,1,0,1,0,1,1,0,0,1,1,1,0,0,1,0,0,0,0,0,1,1,0,0,1,0,1,0,1,1
"81",1,0,1,0,0,0,0,0,1,0,1,1,1,1,1,1,0,1,0,1,0,0,0,0,0,1,1,0,0,0,1,1,1,1,0,0,0,1,1,1,0,0,0,0,1,0,0,0,0,0,0,1,0,0,1,0,0,0,1,0,1,0,0,0,1,0,1,1,1,1,0,1,0,1,0,1,0,0,1,0,0,0,0,0,0,1,0,0,0,0,0,0,1,0,1,0,1,0,1,0,1,0,0,1,1
"82",0,1,1,0,1,0,0,1,1,0,0,1,0,0,1,1,0,0,1,1,1,0,0,1,0,1,1,0,1,0,1,1,1,1,0,0,0,0,0,1,0,0,0,1,1,1,1,1,1,0,1,1,0,1,1,1,0,0,1,1,0,1,0,0,1,1,0,1,1,0,1,0,1,0,0,0,1,1,0,1,0,1,1,0,1,0,0,1,1,1,0,1,0,1,1,1,0,0,0,1,0,1,1,0,1
"83",1,1,0,1,1,0,0,1,0,1,0,0,0,0,0,1,0,0,1,1,0,0,1,1,0,1,1,0,0,1,1,1,0,1,0,0,0,1,1,0,1,1,1,1,0,1,0,0,1,1,0,1,0,0,0,0,1,0,0,0,1,1,1,1,0,1,1,0,0,0,1,1,0,0,0,1,0,0,1,0,1,0,1,0,0,1,1,1,0,0,0,0,1,1,1,1,1,0,1,0,0,1,0,0,1
"84",1,0,1,1,1,1,0,1,1,0,1,0,0,1,1,0,1,0,1,1,0,1,1,0,0,1,0,1,1,1,1,0,1,0,1,0,1,0,1,1,0,0,0,0,0,1,0,0,1,0,0,0,1,1,0,1,0,0,1,0,0,1,1,0,1,1,0,1,0,1,1,1,0,0,1,0,1,1,0,1,1,1,1,0,0,0,1,0,0,1,0,1,0,0,0,1,0,0,0,1,1,1,1,1,0
"85",1,1,0,1,0,0,0,0,1,0,0,1,1,0,0,1,0,1,1,0,0,1,1,0,0,1,0,0,1,0,1,1,0,0,0,1,0,0,1,0,1,0,1,1,0,0,0,0,0,1,1,0,1,1,1,0,0,0,0,1,1,0,1,0,0,1,1,0,0,1,1,0,0,1,1,1,0,0,1,1,0,1,0,0,1,1,0,0,1,1,0,1,1,1,1,1,1,1,1,0,1,1,1,0,0
"86",0,0,0,1,0,0,1,1,0,1,0,0,1,0,1,0,0,1,1,0,1,0,1,1,1,0,0,1,1,0,1,0,1,0,0,0,0,1,1,0,1,1,1,0,0,1,0,0,0,1,0,1,1,1,1,0,0,1,1,1,0,0,1,1,1,0,0,0,0,0,0,1,0,1,0,1,1,0,0,1,0,0,0,1,0,1,1,0,0,1,1,0,1,1,0,0,0,0,1,1,0,0,1,1,1
"87",1,1,0,0,0,0,0,1,1,1,0,0,0,1,0,0,1,0,0,1,1,0,1,0,1,0,1,0,1,0,1,1,0,1,0,0,0,1,1,1,0,1,1,1,1,1,1,1,1,1,0,1,0,0,0,0,1,0,1,1,1,1,1,0,0,0,0,1,0,0,1,1,1,1,1,1,1,1,1,0,0,0,0,0,0,0,0,1,1,1,0,1,0,0,1,0,1,1,1,1,1,1,1,0,1
"88",0,1,0,0,0,0,0,0,1,0,0,0,1,1,1,0,1,0,0,1,1,1,1,1,0,0,0,1,1,1,1,0,0,1,1,1,1,0,1,0,0,1,1,1,1,1,1,0,1,0,0,1,0,1,0,0,0,1,1,1,0,0,1,1,0,1,1,0,1,1,1,1,0,1,0,0,0,1,1,0,0,1,0,1,0,0,0,1,1,1,0,0,1,0,0,1,0,1,1,1,0,1,0,1,0
"89",1,1,0,0,1,0,1,0,0,1,1,1,1,0,0,0,1,0,0,0,0,0,1,1,0,0,1,1,0,0,1,0,0,1,0,1,0,1,0,1,0,0,0,0,1,0,1,0,1,1,0,1,1,1,1,0,1,1,0,0,1,1,1,1,1,0,0,0,0,1,1,0,0,0,1,0,1,1,0,0,1,1,0,1,0,1,0,0,0,1,0,0,1,1,0,0,0,0,0,0,0,0,1,0,0
"90",1,0,1,1,1,0,0,0,0,0,0,1,0,0,1,0,0,1,0,1,0,0,1,0,0,1,0,1,0,0,0,1,1,1,1,1,0,0,0,0,0,0,0,0,1,1,0,0,1,1,1,1,1,0,1,0,0,0,0,1,1,1,0,1,1,1,1,1,0,0,0,1,1,0,0,1,0,1,0,1,0,1,1,1,1,1,0,1,1,0,0,0,1,0,1,0,1,0,1,0,0,0,1,1,1
"91",1,1,0,1,1,0,0,0,1,0,1,1,0,0,0,0,1,0,1,1,0,1,1,0,0,1,0,1,1,0,1,0,1,1,1,1,0,0,0,1,0,0,0,0,1,0,1,1,1,1,0,0,0,1,0,1,0,1,0,1,1,1,1,0,0,0,0,0,0,1,0,1,0,1,1,1,0,1,1,0,1,0,0,0,0,1,0,1,0,1,1,0,1,1,0,1,0,0,1,1,1,1,0,1,1
"92",0,1,1,1,0,1,1,1,0,1,0,0,0,0,1,1,0,0,1,0,1,1,0,1,0,1,0,1,1,0,1,1,1,1,1,0,0,1,0,0,1,1,1,1,1,0,1,1,0,0,1,0,1,0,1,0,0,0,0,1,1,0,0,1,0,0,1,0,1,1,0,1,1,0,1,0,1,0,1,1,0,0,1,1,1,1,1,0,1,0,0,1,0,0,0,1,0,0,0,0,1,0,1,0,0
"93",0,1,1,1,0,1,0,0,1,0,0,1,0,0,1,1,1,1,0,0,0,0,1,1,0,1,1,0,0,0,0,1,1,1,0,1,1,0,1,1,0,1,1,1,0,0,0,0,1,1,1,1,1,0,1,1,1,0,0,1,0,1,0,0,1,0,1,1,1,1,1,0,0,0,1,0,0,1,0,1,1,1,0,1,0,1,0,0,1,1,0,1,1,0,0,1,1,0,0,0,0,1,1,0,1
"94",1,0,1,1,0,1,0,0,1,0,0,0,1,0,0,0,1,0,1,0,0,0,1,1,0,1,1,0,0,1,0,1,0,1,1,0,0,1,1,1,0,0,0,0,0,0,1,0,1,1,1,0,1,1,0,0,1,1,1,0,0,0,0,1,0,1,1,0,0,0,1,1,1,0,0,0,1,1,1,1,0,1,1,1,1,0,1,0,1,0,1,1,0,1,1,1,0,1,0,0,1,0,1,1,0
"95",1,1,0,1,0,0,0,0,1,0,0,1,0,0,1,1,0,0,1,0,1,0,1,0,0,1,0,1,1,0,1,1,1,0,1,1,1,0,1,0,0,1,1,1,1,0,1,1,0,1,1,1,1,1,1,1,0,0,1,1,1,1,1,1,1,1,0,0,0,1,0,0,0,0,0,0,0,0,0,0,1,1,1,0,0,0,1,0,0,0,1,1,1,1,0,1,0,1,1,1,1,1,0,1,0
"96",0,1,1,0,0,1,0,1,1,0,1,0,0,0,1,1,1,1,1,0,0,1,0,0,1,0,1,0,0,1,1,0,0,1,0,0,0,1,1,1,1,0,0,1,1,0,0,1,0,0,1,1,1,1,0,1,0,1,0,1,1,0,0,1,1,1,0,1,0,1,1,0,0,1,0,1,1,1,0,0,1,0,1,1,1,0,0,1,1,1,0,1,1,0,0,1,1,1,1,1,1,1,0,0,1
"97",0,0,0,0,1,1,1,1,0,0,0,1,0,1,0,1,0,0,0,1,0,1,1,0,0,1,1,0,1,0,0,0,0,1,0,0,0,0,1,0,1,0,1,0,1,1,0,0,1,0,0,0,0,1,0,1,1,0,1,1,0,0,1,1,0,1,1,0,0,1,1,0,1,1,1,1,0,0,0,0,0,0,1,0,1,1,1,0,1,0,1,1,0,1,1,1,1,1,1,0,1,0,0,1,0
"98",1,1,1,1,1,1,0,0,1,1,1,0,0,0,1,1,0,0,0,0,1,1,1,1,0,0,1,0,0,1,0,0,1,1,0,1,0,0,0,0,0,0,1,0,0,1,0,1,1,0,1,0,0,0,0,0,0,1,0,0,1,1,1,1,0,0,0,0,0,1,1,1,1,1,0,1,1,1,0,0,0,0,0,0,1,1,1,1,1,1,0,1,1,0,0,0,0,0,0,0,0,1,1,1,0
"99",0,0,0,0,0,0,1,1,0,0,1,0,0,1,0,1,0,1,0,0,1,0,1,0,1,0,0,1,1,0,1,1,0,1,0,1,0,0,1,0,1,1,0,1,0,0,0,0,0,0,1,1,0,0,0,1,0,0,0,0,0,0,0,1,0,1,1,1,0,0,0,0,0,1,0,1,0,0,1,0,0,0,0,0,1,1,0,0,1,1,1,1,1,1,0,1,1,0,0,1,0,1,0,1,0
"100",1,1,0,0,0,1,0,1,0,1,0,1,0,0,1,1,1,0,0,0,1,1,1,1,1,0,0,1,1,0,1,1,1,0,0,1,0,1,1,0,1,0,0,1,0,0,0,0,1,0,0,0,0,1,1,1,0,0,0,0,1,0,1,0,0,1,0,1,0,1,0,1,1,1,1,0,1,0,1,0,0,1,0,0,1,1,0,0,1,1,0,0,0,0,0,1,1,0,1,0,0,0,0,1,1
